Parameter,AverageFailures,MinFailures,MaxFailures
clear-clear,3.461038961038961,1,17
clear-icy,20.343949044585987,1,71
clear-wet,6.3977272727272725,1,36
icy-clear,21.961414790996784,1,72
icy-icy,43.49097472924188,1,128
icy-wet,31.86986301369863,1,89
wet-clear,6.521072796934866,1,45
wet-icy,30.280405405405407,1,86
wet-wet,14.391975308641975,1,61
